0,2834146886.mp4,TN,what does the white dog do after going to the cushion?,2,['drink again', 'shake its body', 'smells the black dog', 'wagging tail', 'touch lady in blue stripes'],3
1,3441428429.mp4,TN,what does the female skater do after the male skater puts her back down on the ice?,1,['put hand in mouth', 'continue skating', 'jump', 'move her arms up and down', 'laugh and run forward'],1
2,6356067859.mp4,TN,what does the girl in white do after bending down in the middle?,1,['grab her', 'feed horse with grass', 'run towards the camera', 'umbrella', 'put her arms up'],1
3,5735711594.mp4,TC,how did the white dog respond to the brown dog when it attacks from its tail?,1,['follow it', 'hopped away', 'wagging', 'ready to run away', 'move his head'],3
4,5296635780.mp4,TN,what does the man do after the lady appear to punch him and smiles?,3,['look at him', 'touch their chests', 'kick him', 'lean forward', 'sit back properly'],4
6,6136926089.mp4,TN,what does the baby do after letting go of the cart?,1,['open her eyes', 'move toward the slides', 'touch the toy', 'turn to his back', 'lean forward and put head down'],1
7,6018490041.mp4,TN,what does the man in white do after moving forward at the start?,2,['sing', 'walk forward and observe', 'hit cans', 'clicks the picture', 'start dancing'],1
12,4094488636.mp4,TN,what does the brown dog do after stepping over the red strap near the start?,1,['mount the black dog', 'look around', 'looks at the camera', 'walks away', 'walk away'],4
14,3477387686.mp4,TN,what did the girl do after lifting the dog s ear in the middle of the video?,3,['starts to draw', 'look at the baby', 'push cheeks up', 'smile at the camera', 'wet the cloth'],3
15,8740703217.mp4,TN,what does the baby do after she stops waving her arm up and down?,3,['kiss baby cheeks', 'walk through her legs', 'smile', 'eat the food', 'bring book closer to baby'],3
16,6329077812.mp4,TP,what did the lady do before wipping the baby s mouth?,4,['touch the baby again', 'turn away', 'adjusts the baby in grey', 'smiling', 'take napkin'],2
17,4584426085.mp4,TN,what did the lady do after grabbing the puppy the second time?,1,['walk across', 'dress the puppy', 'no', 'place paw on her palm', 'shift her weight'],1
18,7533369046.mp4,TC,what was the baby doing to the white box?,3,['drop it', 'sitting on the box', 'hitting the box', 'pulling the box', 'carry it to the side'],3
19,3851961428.mp4,TN,how did the man on the most right reacted after the man in red showed him a hand gesture?,1,['adjust the rein', 'took off goggles', 'performed', 'grab his shoulders', 'excited'],2
20,5256928210.mp4,TC,what does the man do as the dog stood in front of him?,4,['walk towards the cameraman', 'bends down to hug dog', 'resting', 'jump over dog', 'pet its back'],4
21,5445581571.mp4,TN,what did the white dog do after he looked up?,3,['hit cans', 'yellow toy', 'walking', 'get up', 'smells the black dog'],3
22,6624174621.mp4,TC,what does the girl do as the lady is sitting in front of the cake?,4,['observing the baby', 'take it away', 'click the picture', 'feed baby with spoon', 'sit next to lady'],0
23,9088819598.mp4,TN,what does the baby do after the ball rolls to the crook of his arm?,4,['swings with the man', 'watch the ball', 'stretches his arms', 'throws it', 'move his body'],1
25,9565310990.mp4,TN,what does the baby do after reaching the corner of the cloth?,1,['swing it around', 'touch the cloth', 'turn to his back', 'looks at the other side', 'walking'],4
26,8464056582.mp4,TN,what does the dog do after the baby sits down at the start?,1,['play with dog', 'sniff the babys head', 'love', 'move to the other side', 'happy'],1
28,8064178441.mp4,TN,what does the baby do after moving the penguin toy nearer to him near the end of the video?,2,['toy', 'poke dough', 'toss it away', 'moves it around', 'look at the camera'],4
29,4217422838.mp4,TN,what did the lady do after she closed the box in front of her at the beginning of the video?,2,['stand up', 'go to the adult', 'put the box aside', 'point at something', 'touch the child s head'],2
30,2793806282.mp4,TC,what did the lady in blue do when she reached the stairs?,1,['put head on table', 'sit on stairs', 'goes to get food', 'move hands around', 'jump down stairs'],3
31,3524939594.mp4,TC,how do the two men feel when they were moved backwards very quickly?,3,['sleepy', 'adorable', 'calmer and happier', 'thrilled', 'curious and happy'],3
32,4138579400.mp4,TN,what did the boy do after touching his spectacles?,2,['look into camera', 'touch the cat', 'touch his hair', 'starts running with the trolley', 'play with toy'],0
33,4273039295.mp4,TN,what does the woman in green beanie do after the child runs away for a while?,1,['follow girl', 'run and catch him', 'walk around', 'put hand on table', 'push the board away'],2
34,5328004991.mp4,TN,how does the child react after the woman takes over the stirrer?,3,['turns around', 'push food back in the mouth', 'moves forward', 'wants it back', 'stand beside the car'],3
35,2435633172.mp4,TC,what do the people do as the pig was scratching itself against the rock?,0,['take photos', 'playing', 'move ball towards it', 'sleeping', 'climb onto lap'],1
36,4273039295.mp4,TC,what does the woman in green beanie do as the child in runs pass him?,3,['touch the girl', 'hit the golf ball', 'kicks again', 'take a step forward', 'run and catch him'],3
37,11681746823.mp4,TC,how did the baby feel when playing with the lady?,4,['sad', 'annoyed', 'terrified', 'angry', 'happy'],4
38,2503404966.mp4,TC,how does the boy feel while riding the toy?,1,['bored and uninterested', 'happy', 'sad', 'weary', 'worried'],1
39,10597533885.mp4,TN,what does the baby do after touching the toy house in the middle?,1,['takes support', 'plays with another toy', 'push the toy train', 'crawls forward', 'dances'],1
40,8783897632.mp4,TC,how does the male cyclist react when he sees the steep path?,1,['fells on the ground', 'dismount from his bicycle', 'hold the bicycle', 'support the vegetables in basket', 'cycle down'],1
41,11244289523.mp4,TC,how did the baby react when she first saw the tissue?,4,['hit the adult', 'play with owl toy', 'bites it', 'continues walking', 'move away'],1
43,4485498145.mp4,TN,what does the lady in pink do after drinking some water at the start?,3,['taps water with her foot', 'turns around', 'make more bubbles', 'talk to the person in front', 'take the brush out'],1
44,9408800471.mp4,TC,does the dog try to bite on the ball when the ball rolls on the ground?,3,['rolled away', 'bring to the person', 'bark', 'wants to grab ball with mouth', 'white dog'],3
45,3445431963.mp4,TC,how does the first diver react to the camera filming?,3,['he gave a thumbs up', 'turns it on', 'look around', 'wave her fingers', 'sitting'],0
46,4688219212.mp4,TN,what does the boy do after catching the rings at the start?,1,['put ball into hole again', 'pull himself up', 'trying to open the box', 'drop bat and run', 'run back'],1
49,3261079025.mp4,TP,what did the man in grey do before the plane took off?,3,['spinning', 'take picture of the wall', 'touch the earphones', 'hold the plane', 'climed on the trunk'],3
50,5328616848.mp4,TC,what was the boy doing while the woman was pouring the ingredients?,0,['fidgeting with something', 'pretend to feed toy dog', 'watch tv', 'pour water on dog', 'drying clothes'],1
51,5061117640.mp4,TN,how is the man in grey feeling after looking into the room at the start?,3,['disappointed', 'angry', 'sad', 'happy', 'bored'],2
52,3972259774.mp4,TN,what does the man do after removing the card from the camera at the start?,0,['sit down', 'look at the camera', 'heat the red tube in machine', 'stop', 'motorcycle drove past'],2
53,4388652400.mp4,TC,what happened to the dog when it looks at someone near the start?,4,['hold up a cup', 'ignore baby', 'grab the mouth', 'bark', 'touched by the man'],3
54,3321261856.mp4,TN,what did the girl do after she pointed?,0,['stomp her foot', 'walk forward', 'turn her front', 'skiing', 'said something'],1
55,5333075105.mp4,TN,what did the man do after he reached the cameraman?,2,['play with toy', 'inspect wings', 'stop', 'move to the side', 'pick up something'],4
56,3557498300.mp4,TN,what does the adult do after approaching the two kids at the end?,1,['play guitar and sing', 'separate the kids', 'pick up the kids', 'pick up grass', 'lean against the screen'],2
57,5801184682.mp4,TN,what did the cat do after the human puts the hand on the floor?,3,['bite it', 'sit there', 'ran away', 'play with the hand', 'play with cat'],3
58,3078294001.mp4,TC,what does the man in black do as the man in white moved away?,4,['rotates', 'drink water', 'pick up something from ground', 'bend towards man in red', 'hand gesture and talks'],1
59,6617533993.mp4,TC,how does the boy feel while playing?,4,['sad', 'scared', 'annoyed', 'confused', 'happy'],4
60,7499763064.mp4,TC,what does the man above hold onto while climbing up?,0,['rope', 'lady', 'stick', 'man s  hand', 'camera'],0
61,5328004991.mp4,TN,what does the boy do after picking up a box near the end?,4,['pass toy to baby', 'swing it down', 'climb up', 'enters a room', 'shakes the box'],3
62,4087654898.mp4,TN,what does the girl do after filling the bucket?,4,['dance', 'swing her right hand', 'reach for something', 'carry the girl', 'pick up the bucket'],3
63,11541421563.mp4,TN,what does the woman in brown do after sitting for a while at the start?,4,['touch baby s hand', 'run', 'look at the lady in red', 'stand up and flip the chart', 'leave her seat'],4
64,7288107396.mp4,TN,what did the boy do after he got down from the stairs?,3,['run towards the book shelf', 'continued moving his bicycle', 'put his arms back up', 'run to the present', 'lean against the screen'],0
65,4199369046.mp4,TN,what do the other people do after the lady finishes drinking at the beginning?,1,['tap bottle cap', 'laughs', 'move away', 'leave the stage', 'put the pot down'],1
67,5445581571.mp4,TN,what is the black spotted dog looking at after he looked up?,0,['white dog', 'chase the brown dog', 'trying to chase the white dog', 'bends down', 'play with ball'],0
69,2793806282.mp4,TC,what is the dog doing?,1,['on the right', 'swimming', 'lick baby s hand', 'playing with sticks', 'play with ball'],1
70,4770216656.mp4,TC,what does the boy do as the man stood at the side?,2,['walks forward', 'performing', 'play swing', 'hand over the carrot', 'hold water bottle'],1
71,8811725760.mp4,TN,what did the girl do after posing for a photo?,1,['turn to look', 'slide down', 'speaks and move her body', 'smile and wave', 'pass the ipad'],1
72,5913180144.mp4,TN,what does the man in blue socks do after he was put down by the man in grey suit?,3,['arm wrestle', 'play with sand', 'walk along the lighted up wall', 'take a step away', 'bite him'],2
73,2454242177.mp4,TN,which direction did the baby push the blue toy after the start?,0,['backward', 'let go of one hand and turn', 'pick them up from yellow part', 'forward', 'hit his legs'],3
74,8189958994.mp4,TN,what did the lady do after she stopped the black dog from circling her?,3,['move towards the lady', 'walk white dog', 'go to the lady', 'rubs the dog', 'moves away'],1
75,4882821564.mp4,TC,how did the boy react when he entered the room at the start?,3,['dance', 'run', 'stretch his hand out', 'smile', 'walk close to it and look'],1
77,8513603944.mp4,TN,what does the child in blue helmet do after turning around?,1,['the girls riding', 'continue walking', 'moves the object', 'reading something', 'eat it'],1
78,2957808913.mp4,TC,what does the man sitting on stage behind the guitarists do when they play the guitar?,0,['play the drum', 'shake body vigorously', 'stands on the side', 'practicing dancing', 'sitting on the floor'],0
79,5521781780.mp4,TC,what does the man in grey hold in his hands while he was walking around?,0,['camera', 'book', 'spoon', 'chair', 'racket'],0
80,10607095936.mp4,TN,what does the lady do after taking the microphone from the man in red cape at the start?,1,['put 2 fingers up', 'talk to the audience', 'turn behind her', 'eat', 'put hands together'],2
81,2857132732.mp4,TC,what is the man doing in this video?,4,['enjoying a cable car ride', 'taking a break', 'feeding dogs', 'skiing', 'playing an instrument'],4
82,6097994550.mp4,TN,what did the man sitting on top do after he came off the person on the ground?,1,['touch the camera', 'kneel at the side', 'talk to camera', 'hold each other arms', 'hug man'],1
83,4151403382.mp4,TN,what does the boy in brown bib do after seeing the piano?,3,['acknowledged him', 'grab book', 'pull his scarf', 'bend down to play', 'take it from him'],1
84,3655906094.mp4,TN,what did the man with grey hat do after talking to the man with sunglasses?,4,['adjust his posture', 'performing', 'turns toward the man in beige', 'wave hands around', 'bend down'],1
85,5061117640.mp4,TN,what does the man in grey do after walking for a while in the room at the start?,2,['adjust a chair', 'look at the presenters', 'sit down', 'pose', 'pick something up'],3
86,4264435046.mp4,TC,what did the stray dog do as the woman was running back with her dog at the end?,2,['balances on one leg', 'stand and stare', 'follow', 'looking at the dogs', 'move backwards'],3
88,5987365500.mp4,TC,how does the girl feel as she is singing?,3,['happy celebrating the girl s birthday', 'upset', 'about to cry', 'shy', 'confused'],0
90,2400715506.mp4,TC,how is the animal prevented from falling when climbing on the hand?,4,['put it on the ground', 'walked forward', 'looked at his surroundings', 'hold by rope', 'person thumb move up'],3
91,13919236672.mp4,TN,what did the girl do after she dragged open the red box?,1,['lies down', 'close the red box', 'hit her back', 'say something to the girl', 'walk towards her'],4
92,3046900922.mp4,TN,what does the child do after being put down on the ground near the end?,3,['withdrew toy', 'touch the cloth', 'a toy', 'walk away', 'happy and excited'],1
93,8455160795.mp4,TC,what was the man in grey jacket doing as the man with a stick stood on the shore in the middle?,1,['on the phone', 'walking', 'posing', 'walk over to pull boat closer', 'running around'],1
95,4955723618.mp4,TC,how did the lady in black reacted when the man in black beside her passed her the microphone?,1,['stand up and bow', 'smile and take it', 'covered her face in embarrassment', 'put her hands up and reject', 'smile and reject'],1
96,4859057828.mp4,TN,what do the three ladies do after posing together?,0,['laugh', 'move closely to the camera', 'get off stage', 'start dancing', 'stand in a line'],4
97,4782722858.mp4,TN,what did the lady in brown skirt do after the first time she shaked her body?,4,['carry the cat', 'get up after a short while', 'teaching her which note to play', 'looks surprisingly in the camera', 'sing to microphone'],2
98,3060478605.mp4,TC,what does the lady hold on her right hand while riding the horse?,3,['paper', 'stick', 'hat', 'rope', 'bottle'],2
99,5349766264.mp4,TC,what is the man in green playing beside the piano?,1,['his cup', 'guitar', 'piano', 'drum', 'violin'],1
100,5323654756.mp4,TN,what did the girl in pink do after she approached the boy in blue?,1,['point below the piano', 'move balloons towards him', 'give girl more instructions', 'shift away from him', 'touch the baby s chin'],1
101,4279106208.mp4,TP,why does the lady hold the baby before getting down the slide?,3,['moves the head', 'swing arms', 'lay still', 'adjust his position', 'fidgeting'],3
102,2835125654.mp4,TC,what do the elephants do as the people were watching in the second half of the video?,4,['pushed back', 'look around', 'overtake it', 'smile', 'hold each other s trunks'],4
103,3557498300.mp4,TN,what did the boy in red do after the boy in light blue ran off with the kite at the beginning?,4,['take the bike', 'lie down on the ground', 'cover his eyes', 'waves hand', 'run'],4
105,6592821115.mp4,TN,what did the woman in grey do after she clapped her hand?,4,['smile and hug', 'put the cup on her mouth', 'open her arms wide', 'raises her hands', 'carry the baby'],4
106,5996148663.mp4,TN,what did the lady do after trying to collect the water with her hands?,3,['close the water bottle', 'give towel to the lady', 'gesture and move a bit', 'brought it to herself', 'walk away and play'],None
107,7536230796.mp4,TN,what does the baby do after watching the tv for a while?,1,['jump down', 'gets distracted', 'excited', 'clap', 'moves the baby'],4
108,5679866364.mp4,TC,what is the man in yellow carrying while looking at the group?,0,['bag', 'sticks', 'camera', 'baby', 'bottle'],1
110,3972259774.mp4,TC,what did the lady in red do when the man in yellow first brought out the box?,4,['move body', 'take lollipop out', 'drags the box out', 'look at the lady in white', 'point to the lady in black'],None
111,4219909195.mp4,TC,what did the man gestured to the girl near the start of the video?,0,['three fingers', 'a fist', 'his palm', 'up hands in air', 'one finger'],2
112,13919236672.mp4,TN,what does the girl do after approaching the red box in the middle?,1,['look down at baby', 'drags the box out', 'put glass cups away', 'walk away', 'put in her mouth'],4
113,4179163342.mp4,TN,what did the tallest girl do after the man pointed at her?,2,['walk', 'dance', 'jump up and down', 'take the food', 'take a few steps'],4
115,4378803532.mp4,TN,what did the man do after the boy in stripped asked for an exchange of sparkles?,4,['cover the cup', 'read the book for the baby', 'toy glasses drop', 'looked at his right', 'exchange the sparkles'],4
117,2835125654.mp4,TC,what does the man do with his left leg as he watches the elephant at the start?,1,['moves away', 'put on fence', 'flap around', 'talk to camera', 'blows the whistle'],0
118,10042935613.mp4,TN,what does the shirtless man do after walking into the counter?,0,['picks the plate and move forward', 'bend down and listen', 'put down the bottle', 'sit down', 'on the floor'],3
119,4838113006.mp4,TN,what does the lady do after picking a bell from table b and place something underneath it?,0,['touch another bell', 'pretend to feed toy dog', 'walk to show camera', 'drag it towards her', 'talk'],1
121,3388598772.mp4,TN,what does the man in blue and the woman in black do after finishing kissing?,2,['bend down', 'smile shyly', 'take drink', 'wave', 'look at camera'],1
122,8177965766.mp4,TP,what did the man on the stage do before sitting?,1,['throw a piece of paper', 'stand and sway', 'shorten the rope', 'applaud them', 'pick up something'],1
123,8177965766.mp4,TC,what activity is happening?,4,['board meeting', 'playing charades', 'wedding', 'focus group discussion', 'singing performance'],4
124,5349766264.mp4,TC,what are the people doing in the video?,3,['skateboarding', 'dancing', 'dinner', 'make music', 'football'],3
126,7088595057.mp4,TN,what happened to the black sheep after it tried to get up from the floor?,1,['sniff slippers', 'fell back', 'get up slightly', 'look at dog', 'plays with the brown dog'],2
127,5173770364.mp4,TC,what does the adult do as the baby plays with the adult s leg?,4,['comfortable', 'walk behind', 'playing toys', 'sitting', 'lie down'],3
128,5902452647.mp4,TN,what does the girl do after the boy walks a few steps towards her in the middle?,2,['put envelop on table', 'pass boy kite handle', 'walks backwards', 'walk to the sofa', 'kiss girl'],2
129,4603484665.mp4,TN,how did the brown dog react after being ignored by the pair of dogs playing?,2,['dig snow', 'jumps down', 'walk away', 'smile and wants to pet it', 'played along with him'],2
130,4024008346.mp4,TN,how did the person react after the child pushes the blue ballon away at the beginning?,2,['chase the girl', 'continue playing with toy', 'kick the blue balloon towards the child', 'put it in cylinder', 'change hands to hold'],1
131,8208035645.mp4,TC,what happened to the boy when he cycled upslope at the end?,1,['man stopped his bicycle', 'comes down', 'fall off the bicycle', 'continue playing with the rod', 'sitting still'],1
132,8177965766.mp4,TN,what did the woman do to the microphone after awhile?,3,['walk away', 'smiles', 'she talks to the other people', 'switch to the other hand', 'talks'],4
133,9735768590.mp4,TN,what does the woman do after tucking out her tongue?,2,['hands over the remote', 'pick up shoe', 'brush her hands across the baby s tummy', 'look to her left', 'put down her club'],3
134,4164771889.mp4,TN,what does the boy being buried do after putting his head down the last time?,4,['run after cat', 'look towards the right', 'talk to camera', 'roll in the snow', 'move legs'],1
135,6806999702.mp4,TN,what did the girl do after the dog took the ball away?,1,['pick up the ball', 'chase after dog', 'shift her feet', 'dress the puppy', 'dip it in pool'],1
136,3359075894.mp4,TC,what activity is being carried out?,4,['conference call', 'dancing', 'giving speech', 'playing balloon', 'baseball'],4
137,5134317883.mp4,TN,what does the man in red do after the man in blue finishes cut out a piece on the pumpkin?,0,['take out the piece', 'stand up', 'put pieces on board randomly', 'pick up toy leg', 'bend over and look'],0
140,3402648543.mp4,TN,what does the big dog do after the small dogs suck it for a while?,4,['bite the bigger dog', 'takes the ball', 'walk to the man', 'move towards big dog', 'move away'],3
142,2871995580.mp4,TN,what did the man do after the boy took a stick toy and the ball from the basket of toys?,4,['adjust toy', 'put ball into hole again', 'swing his arm', 'laughing', 'watch the boy'],4
147,5766018720.mp4,TN,what did the baby do after she picked up the toy guitar?,2,['look around', 'waves her hand', 'look at toy guitar', 'daydream', 'sing'],2
148,4164771889.mp4,TN,what does the boy in blue pants do after falling backwards?,0,['play with sand', 'go to the lady', 'lost balance', 'spread his arms out', 'stunned for awhile'],3
150,8557532213.mp4,TP,what did the boy in yellow do before he passed the ball to the boy in blue?,4,['chase up the ball', 'pick something up from ground', 'look to the left', 'look at camera', 'kick it up'],3
152,11565498775.mp4,TN,what does the boy do after moving closer to the man?,1,['grab the back of his chair', 'hold s the rod', 'cooking', 'happy', 'eat food'],None
154,2712662377.mp4,TC,what are the turtles doing?,3,['playing with orange toy', 'cap', 'happy', 'eating', 'looking somewhere'],3
156,8277866423.mp4,TC,what did the black dog do when seeing the brown dog bark continuously?,4,['walk faster', 'sits down', 'bite grey dog', 'roll around', 'barked back'],4
157,6592821115.mp4,TC,what did the adult with a ring do when the baby in polkadot it approaching her?,0,['reach hand out', 'hit baby', 'pass toy to baby', 'push baby', 'cover baby with towel'],2
158,4774302357.mp4,TC,how are the men in the video positioned?,4,['sliding down a slope', 'sleeping', 'standing', 'playing an instrument', 'sitting'],4
159,4006608424.mp4,TN,how did the boy react after the man fell off the swing?,1,['raise his hand', 'lie on man s stomach', 'smell the toy', 'man pulls him forward', 'hold the swing'],None
162,5801184682.mp4,TN,what does the human do after carrying up the cat?,3,['turns over', 'move away', 'push it', 'place cat on carpet', 'caress cst'],3
163,5173770364.mp4,TN,what does the baby do after removing her face from the adult s leg the second time?,2,['shake its body', 'dancing', 'put both hands on it', 'jumps', 'touch the toy'],4
164,6582763207.mp4,TC,where did the lady with microphone put her right hand as she sang?,1,['pocket', 'hip', 'point at table', 'play guitar', 'back'],1
165,5940941487.mp4,TC,what is the boy in green doing?,4,['construct toy structure', 'wrestling', 'running round', 'bowling', 'dancing'],4
166,5349766264.mp4,TN,what did the lady do after the man in black checkered shirt looked at her and did some hand gesture?,0,['makes noise with a spoon', 'bite her lips', 'rubbing her head', 'smile', 'looking into temple'],1
167,7691172922.mp4,TC,how did the lady reward the dog for coming to her?,1,['touch lady s head', 'plays with her', 'hold the dog down', 'move trolley backwards', 'try to lick her face'],0
168,2920952624.mp4,TN,what does the shorter woman do after putting her left hand into a bag?,1,['pick up bag', 'throw ingredients into pot', 'happy', 'look around', 'talk to the girl'],1
169,5635265624.mp4,TC,what did the baby do as soon as he got the white puzzle from the woman?,2,['turn back to window', 'place it on the top', 'return it back', 'tap the toy a few times', 'put into box'],3
170,8177965766.mp4,TC,what does the man on stage do while the lady sings?,1,['confident', 'sit on sofa and listen', 'happy', 'they are happy', 'observe'],4
171,7571121368.mp4,TN,what did the lady in pink do after the child walked to the middle of the bridge?,2,['for children to play', 'pass girl something', 'waited for child', 'nervous', 'stop rowing'],2
172,5875535585.mp4,TC,what does the man singing do with the microphone stand at the start while singing?,1,['put it aside', 'hold microphone stand', 'kick the stand away', 'sway along with music', 'shake his body vigorously'],1
173,7059877301.mp4,TN,what did the brown dog do after it came near the light brown dog?,0,['smell its head', 'chasing the brown dog', 'chase', 'look at that direction', 'lick brown dog s ear'],0
174,3402648543.mp4,TC,what are the small dogs doing when the big dog is standing still?,1,['look up', 'suck', 'running around box', 'bite toy bone', 'move head closer'],4
175,8457210773.mp4,TP,what did the black dog do before it stood up at the end?,2,['mount the black dog', 'chase the dog', 'push dog', 'gesture to dog', 'look at him'],3
176,4164771889.mp4,TC,how does the boy being buried react to the boy in red scooping sand on his leg?,1,['drops the sand', 'raised his head to look', 'grab some sand', 'try cracking other parts of crab', 'building a sandcastle'],1
178,5427285434.mp4,TC,what was the person opposite the boy doing as the boy was dancing near the end?,2,['jump down', 'look at her', 'dancing too', 'watching', 'stand and watch'],4
179,9917882506.mp4,TC,what does the boy do while the girl was stationary in the middle?,0,['stands still at back', 'clap his hands', 'sit still', 'sit up then lie on her', 'swing'],2
180,4024008346.mp4,TN,what does the child do after the man passes him the balloon at the beginning?,1,['try to catch it', 'move balloon around', 'smile', 'play with baby s hands', 'laugh'],1
181,4770216656.mp4,TC,what does the boy hold onto while sitting on the tyre?,3,['smile at the cameraman', 'attack dog', 'lift up the tyre', 'chains holding the swing', 'wave at the man'],3
183,7605329840.mp4,TP,what was the girl in black doing before she stood up near the end?,0,['blowing', 'walk', 'happy', 'remove the toys from box', 'blue jacket'],3
184,3345608051.mp4,TC,what are the men doing beside the dogs?,3,['pulling dog away', 'patting the dog', 'feeding', 'encourage dogs to fight', 'throwing balls'],1
185,6793786769.mp4,TC,what did the boy do when the train moved away in the middle of the video?,1,['stood up', 'wait for it to come back', 'kick the tank', 'chase after it', 'lift bottle to drink'],3
186,4036955771.mp4,TN,what did the girl in red and blue do after walking in front of the performers?,0,['turn back', 'take video', 'adjust boy s position', 'pat her head', 'flipping the pages'],3
187,3655906094.mp4,TC,what is the man in beret doing with his trumpet facing the bushes?,1,['walks away', 'practicing', 'beat boxing', 'push boy', 'sing into mic'],1
188,8208035645.mp4,TN,what does the boy do after going downslope at the start?,4,['wave at girl', 'take kite from man', 'stop the bicycle', 'unhappy', 'cycle towards left'],4
189,3345608051.mp4,TC,how do the men react when the dogs go near to them?,4,['hold their paws', 'caress dog', 'they throw sticks at the dogs', 'they take out their camera', 'move away'],4
191,3026084730.mp4,TC,what did the person with brown tie do as the man in the middle was speaking?,1,['reached for his water', 'look towards the man speaking', 'nod their heads', 'look down at his phone', 'put a thumb up'],2
193,5133787349.mp4,TN,what did the man in white do after he pushes the man in black on stage?,4,['clap', 'looking around', 'playing piano', 'bleed', 'hand gesture'],0
194,2990321092.mp4,TC,who finished the food first?,0,['the man in white', 'girl with funny face', 'man with cap', 'man in black', 'the man next to the oven'],None
195,3427674558.mp4,TC,what happened at the back of stage when someone walked past the camera?,1,['lights on the stage blink', 'someone sat down', 'playing piano', 'walk back into room', 'take something'],3
198,5256928210.mp4,TC,what does the man wear on his head?,1,['scarf', 'cap', 'turban', 'spectacles', 'scarf'],1
199,7508439506.mp4,TC,what is the man doing while the boy plays with the baby?,4,['put into his mouth', 'football', 'unwrapping a gift', 'smile', 'lying down'],4
200,4935987905.mp4,TC,what is the white dog doing as it hid in the bushes?,3,['walk and look around', 'sleeping', 'turned back around', 'smelling leaves', 'run to boy'],3
202,7961460440.mp4,TC,what sport is the man doing in the video?,1,['frisbee', 'coming down', 'rafting', 'skateboarding', 'adjusting carpet'],3
204,4276006683.mp4,TN,what does the cat do after pushing the finger of the person at the end?,3,['lick the ears', 'run towards the camera', 'leave the bed', 'ran away', 'push it'],None
205,3321261856.mp4,TN,what did the golden cat do after standing at the side of the wall for a while?,3,['walks across', 'pet cat more', 'lick mouth', 'sat down', 'cleans the toilet bowl'],None
206,11541421563.mp4,TN,what does the man in orange do after the woman in brown looks at him at the start?,3,['perform a fire trick', 'annoints her', 'walk same direction as woman', 'point at book', 'attentively'],2
207,8171216955.mp4,TC,what did the boy do in the middle of the video?,1,['to move closer', 'hides below the table', 'lying on his stomach', 'crossing the road', 'playing with toy'],4
208,6621511673.mp4,TN,what does the baby do after the man points at a specific magnet on the tree?,3,['sit behind her and guide her', 'moves his hand', 'move', 'do action of the magnet', 'stand up'],3
209,5702201498.mp4,TC,what is the man hugging while sleeping?,1,['shirt', 'black pillow', 'cat', 'yellow pillow', 'toys'],4
211,5134317883.mp4,TN,how does the man in red react after taking out a pulp near the end?,0,['smiles', 'keep it on the side', 'walk to the window', 'walk away to the gate', 'attach man on ground to him'],0
212,4087013668.mp4,TN,what did the lady in pink shirt do after the baby threw the peels out?,1,['hold a cross sign', 'scratch arms', 'sits down', 'take a blue mini bucket', 'touch the baby s arm'],4
213,6143391925.mp4,TN,what did the baby do after she pointed at the television?,1,['step off pad', 'lean on the lady', 'touch baby', 'touch baby s foot', 'flail around'],4
214,4075791856.mp4,TC,what did the lady in front of the microphone do as the man beside her is talking?,0,['moving the papers', 'nodding', 'listening', 'looks at him', 'smiling'],1
215,6239210933.mp4,TP,what does the child look at before drawing on the pink toy?,3,['book', 'phone', 'camera', 'laptop', 'art works'],3
219,3078294001.mp4,TC,what does the man in black do as the man in white was standing behind him at the start?,0,['posing', 'pass paper to woman', 'video the dogs eating', 'stand on ladder', 'hold the man s hand'],4
220,8188651630.mp4,TN,what does the cat do right at the end after the human s foot rubbed its cheeks and face?,2,['stand still', 'lick the ears', 'sniff it', 'sat down', 'walks across'],2
221,2495861393.mp4,TC,what is the activity being carried out?,2,['canoeing', 'conference call', 'cooking', 'sled pulling', 'boat surfing'],2
222,5879651428.mp4,TC,how is the man in white positioned while playing his instrument?,2,['standing beside man in yellow', 'beside the cage', 'sitting down', 'knee on floor', 'standing on chair'],2
223,5913180144.mp4,TC,what happens to the man in grey when the man in blue socks jump onto the man in grey?,3,['dog jumped onto him', 'he walk away', 'goes away', 'carry him', 'dog barked at him'],3
224,12392885583.mp4,TP,what did the man wearing the grey jacket do before the baby got the pacifier?,2,['carry baby up', 'turn away', 'watch', 'swing her arms', 'move it closer to the kid'],2
225,3861485381.mp4,TC,what did the other animals do when the first went into the forest?,0,['followed the first', 'stare around', 'showing it to the baby', 'stay still', 'lie down'],0
226,4444192938.mp4,TN,what did the girl in pink do after she touched the boy in red s bag?,3,['come out from behind the curtains', 'taps water with her foot', 'bite the doll s legs', 'put both hands by her side', 'looked at the ground'],4
227,3107742409.mp4,TC,how does the baby react to the man moving forward and backward at the start?,2,['he goes out', 'lie down', 'laugh and smile', 'he throws a tantrum', 'he starts to cry'],2
228,4263096481.mp4,TP,what did the man do before he cut the fish sideways?,2,['wriggle around', 'interested', 'cut fish head', 'pull it up', 'moved its body'],2
229,2833209794.mp4,TC,what are the ladies shown at the other side of the escalator doing?,1,['watch television', 'going down by escalator', 'look at the banners', 'look after the boy', 'distributes the candies'],1
230,5056964274.mp4,TN,what did the boy do after he drink from the green pack?,1,['said something', 'eats the food', 'the case on his left', 'drink more', 'standing still'],3
232,4626085492.mp4,TN,what did the black dog on the sofa do after it dropped the red toy?,4,['jump on man s leg', 'jump onto couch', 'push dog away', 'put it on boy in red', 'jumps down'],4
233,4123915842.mp4,TC,what does the lady in green do as the girl is standing in the middle?,4,['smiles and waves', 'watch the girl', 'says hi', 'takes it from girl in green', 'adjusting the girl s hair'],4
234,5521781780.mp4,TC,what activity is being carried out by the group of people?,3,['playing soccer', 'cooking', 'snow sledging', 'site visit', 'skiing'],3
235,2705374471.mp4,TN,what does the boy do after tossing up the toy at the start of the video?,3,['move forward', 'crawled forward towards the man', 'kicks it', 'push the toy down', 'places them back in the toolbox'],None
236,3198533789.mp4,TN,what does the man in white do after lifting his leg up in the middle of the video?,2,['touch his hand', 'moves the object', 'push the cords away', 'change direction', 'run towards the camera'],0
237,4983922034.mp4,TC,what is the black dog doing when the man kicks the snow?,1,['playing with them', 'watch and then dig snow', 'yes', 'runs around', 'looks at the hole'],1
238,3830567237.mp4,TN,what does the man in black do after letting the horse drink water at the start?,1,['happy', 'wash horse s body', 'continue running awhile', 'bend down', 'swing over his head'],2
239,6159637889.mp4,TN,what does the person do after the baby waves its hand in the middle of the video?,4,['squeezing tube', 'toy falls', 'teething', 'hold the baby up', 'swing the cradle higher'],3
240,6046149003.mp4,TC,what does the girl in white hold onto while looking outside?,3,['touch man in black s arm', 'look to the left', 'happy', 'window sill', 'play guitar'],3
241,3049351381.mp4,TN,what does the baby do after putting down its hand in the middle?,1,['look up smile and move hand', 'yawn', 'touches the plant', 'looks at the other side', 'touch the cloth'],0
243,2829462646.mp4,TC,what is the man in stripes doing in this video?,3,['practice performing', 'moving around the lady', 'dancing', 'introducing the hall', 'sliding down a slope'],3
244,4083875373.mp4,TN,what does the girl do after standing up at the end?,4,['wave and dance', 'fall backwards', 'stop and point', 'walk around it', 'walks to the television'],4
245,2771402761.mp4,TN,what does the kid do after the woman in white points her finger?,2,['walk over', 'start talking', 'girl talks to lady', 'look at parcel', 'stand up and take'],1
246,4443526735.mp4,TN,what does the baby do with his right hands after turning at the end?,4,['clap hands', 'hit the table', 'stares at woman', 'show the toy', 'touch the red toy'],3
247,6201488511.mp4,TC,what is the lady holding while she stood on the grass?,3,['bin', 'hold dog leash', 'toy car running', 'bottle', 'looking at the dogs'],3
248,4279106208.mp4,TC,how did the woman make sure that the child plays safely on the slide?,2,['turned around', 'push the toy along', 'hold onto child', 'look up', 'raise her left hand'],2
249,7572859950.mp4,TC,what is the lady doing with the baby?,2,['gently', 'shakers', 'wear pants', 'calm', 'rocking baby'],2
254,4822859674.mp4,TN,what did the lady do after the boy crawled towards her?,1,['take the balloon', 'give boy sweet', 'chase after him', 'run towards the boy', 'point at the bicycle'],1
255,4584426085.mp4,TN,what did the lady do after pulling the puppy back in the middle?,2,['avoid the lady', 'went ouside', 'dress the dog', 'walk across', 'walks back to the start'],2
256,4765717907.mp4,TN,what did the man do after the boy picked up the ball near the middle?,4,['look in the direction of ball', 'try to get ball back', 'kick the ball', 'look to the left', 'carries him'],1
257,7499763064.mp4,TC,what does the man do as the lady in blue was waiting behind him?,4,['point at his basket', 'walk to bald man', 'runs away', 'sitting', 'try to get higher'],4
258,4372494989.mp4,TN,what does the baby do after being picked up?,2,['fall down', 'suck thumb', 'clasp his hands together', 'reading book', 'crawling on the ground'],3
260,6233408665.mp4,TN,what did the girl in green do after the girl in grey put the board near her face?,3,['other side of table', 'raised up both hands', 'adjust the girl s clothes', 'push the board away', 'try to pull it open'],4
261,4984417707.mp4,TC,what was the man in red next to the brown sign board at the end doing while the elephants were playing with the ball?,1,['point at the trucks', 'throw away the ball', 'blows thw whistle', 'walk around', 'look at the red car'],2
262,2984974097.mp4,TN,what does the girl do after she starts paddling?,4,['continue cycling', 'said something', 'row using hands', 'floating', 'keep looking down at pedal'],0
263,8457210773.mp4,TC,how did the brown dog react when playing with the black dog at the start?,3,['barked back', 'jump again', 'jumps down', 'bite dog', 'faces brown dog'],3
264,2679328607.mp4,TN,what does the boy do with the toy after the girl passes it to him?,2,['look down', 'kick her legs', 'bite it', 'turn to her', 'pick it up'],4
266,8990144134.mp4,TC,what does the cat do when it first sat up?,3,['pooping', 'eat', 'examine the bag', 'hit the bird', 'cross the ledge'],2
268,8575881495.mp4,TC,what does the girl hold on her hand as she was sitting up in the middle?,2,['feed baby', 'shakes the baby', 'stuff toy', 'pin woman s hair', 'play the piano'],2
269,3121571439.mp4,TN,what does the lady do after finishing dancing at the end?,4,['point to someone', 'repeats', 'hugs the man', 'put on man s shoulder', 'jump'],3
270,2833209794.mp4,TN,what does the man in black do after turning his body to face the wall?,4,['waiting', 'catch the ball', 'lean forward', 'walk towards the ladies', 'look at the picture frames'],4
271,4488066715.mp4,TC,how does the adult react when the baby tries to touch the bowl with his other hand?,2,['shouted for help', 'takes a tissue', 'pull hand away', 'give him a ball', 'playing with baby'],2
273,11566930393.mp4,TN,what does the boy do after the other person removes the plastic wrap from the toy in the middle?,0,['stands up', 'put hand inside the toy', 'laugh', 'move forward and backwards', 'on the floor'],1
274,2697214342.mp4,TC,what are the guys doing in the video?,2,['riding horse', 'drinking', 'working', 'playing guitars', 'trekking'],2
278,6018490041.mp4,TN,what does the man in brown pants do after bending forward at the start?,3,['touch his ears', 'hold his hands', 'stand in position', 'look to the right', 'pick up ball'],1
279,3708066257.mp4,TN,what does the woman do after getting to the side of the man?,3,['happy', 'dance', 'playing golf', 'lean on him', 'wipe her face'],1
280,5801184682.mp4,TN,what did the cat do after crossing the brown basket at the start?,1,['run away', 'hide behind', 'look into the toilet bowl', 'go near the table', 'jump down'],4
281,4189100053.mp4,TN,what did the lady do after she wiped the ice cream from the baby s mouth?,3,['clean the table', 'huge snowfall', 'walk off', 'lick her finger', 'wipe it with tissue'],4
282,6239210933.mp4,TC,what activity is the child doing?,2,['presentation', 'happy', 'drawing', 'touching dangling things', 'feeding the dog'],2
283,14003541505.mp4,TN,what does the baby do after her hands touch the ground at the start?,2,['create waves', 'bites it', 'try to crawl forward', 'splashes the water in tub', 'play with owl toy'],2
284,9217939684.mp4,TN,what does the baby do after approaching the woman in singlet at the beginning?,2,['touch surface', 'put face close to baby', 'hug woman', 'turn back', 'steps on the toy'],2
286,4983922034.mp4,TC,what are the dogs doing?,1,['play with toy with mouth', 'playing with snow', 'chase each other', 'look away', 'smells the rocks'],2
287,3477387686.mp4,TN,what did the dog do after the girl puts her palm out?,2,['climb onto girl', 'jumped', 'place paw on her palm', 'kiss her', 'walk away'],2
289,2712662377.mp4,TN,what does the turtle eating do after pulling the leaf with its mouth?,0,['eat some more', 'does nt like the taste at first', 'surface', 'walks away', 'crawl forward'],0
290,11541421563.mp4,TN,what does the woman in brown do after the man in orange points at the score in the middle?,3,['plays a card', 'throws her cards', 'gets off the bed', 'smiles', 'pushes him back'],3
292,2977504625.mp4,TN,what did the boy in white do after the boy in the car looked behind at the middle?,1,['pull his pants', 'look behind', 'screw it in', 'hold onto boy', 'shows his car too'],1
293,6205856607.mp4,TC,what does the man do when the horse plays with the girl?,0,['hold the girl', 'use his phone', 'shakes body', 'takes picture of the horse', 'start dancing'],0
295,4388652400.mp4,TP,what is the dog doing before being touched by the man?,2,['keep peeking at dog', 'run away', 'chasing its tail', 'biting on to the blue toy', 'jump onto his leg'],3
296,6988748711.mp4,TN,what does the woman in grey do after the man in pink spread the cloth near the beginning?,0,['walk close to man in pink', 'walk towards the girl with curly hair', 'hit her with cushion', 'clasp her hands', 'runs back'],3
297,7651639778.mp4,TC,what is the the man in blue jacket doing on the shoulder?,3,['clap', 'posing for photo', 'cheerleading', 'tieing white sheet to the pole', 'pointing to camera'],1
298,6329954198.mp4,TN,what did the man in beige shirt do after he looked away?,3,['move forward', 'walk forward', 'stand up', 'rotates', 'play instrument'],2
299,5919180502.mp4,TC,how does the man in grey respond when the person walks up behind him?,4,['nodded and gave him a hi-five', 'no reaction', 'throw him a red toy', 'approach man in black', 'splashes water'],1
301,6618792571.mp4,TN,what did the girl do after she knocked herself into the beanbag?,1,['laugh', 'sits down', 'pick it up again', 'hold a cross sign', 'puts it back'],2
302,5919180502.mp4,TN,what does the lady do after getting off the chair?,1,['turn in front', 'walk towards women at ledge', 'pick up baby', 'push the chair back', 'walk sideways'],1
303,6762389913.mp4,TC,what does the person do as the black dog is licking the brown dog at the end?,2,['lick the other dog', 'touch dog s nose', 'strokes it', 'shocked', 'step out of container'],2
304,6168716346.mp4,TN,what does the boy with blue shirt do after the boy with red shirt gets a crayon at the end?,1,['come and stand on the stool', 'looked at the crayons', 'puts down the watering can', 'stand on the stool', 'pulls the popper'],1
307,9576671750.mp4,TC,which side of the phone did the person show the camera at the end?,4,['show display screen', 'right side of the phone', 'top of the phone', 'bottom of the phone', 'show brand of phone'],3
309,4443526735.mp4,TC,how was the baby chair positioned at the end?,1,['move his feet', 'baby s back towards the camera', 'rise right arm', 'sit on toy', 'lying down'],0
310,4465235803.mp4,TN,what does the baby do after turning towards his left at the end?,2,['look up smile and move hand', 'looks at the other side', 'hold on to toy car wheel', 'touch baby on right', 'look at the girl'],2
311,4882414082.mp4,TC,what did the baby hold in his hands while eating the noodles?,0,['noodles', 'sweets', 'chocolates', 'candies', 'water'],0
313,6582763207.mp4,TC,what did the lady with microphone do when she stopped singing for a while in the middle of the video?,1,['lifts her shirt', 'bring the microphone away', 'drinks', 'point her front', 'pose'],1
315,3902997424.mp4,TC,what did the lady do as she was cycling off?,4,['carry a chair', 'look towards the boy', 'walk towards women at ledge', 'stand up', 'waves'],0
316,4123211145.mp4,TN,what did the girl in orange do after she took the towel from the girl in yellow?,4,['hold a cross sign', 'spin again', 'touch the baby s arm', 'stand on the plank', 'throw it'],4
317,3206694342.mp4,TC,what does the boy on the right in front do when the others bend down in the middle?,0,['stand up', 'shake left to right', 'talk to baby', 'turn around', 'smiles'],3
319,3263908208.mp4,TC,what are the birds doing when the yachts are on the sea?,1,['feeding', 'flying', 'go forward to sniff again', 'swim in water', 'hold onto him'],1
322,5919180502.mp4,TC,where does the person who was sitting in the chair walk to?,2,['walking towards dog', 'to the zebra crossing', 'near the man in grey', 'to his right', 'to the cashier'],2
323,11541421563.mp4,TN,what does the man in orange do after the woman in brown left at the start?,4,['push grey chair', 'annoints her', 'drink water', 'hold the animal', 'look at book'],4
324,7492398760.mp4,TN,what does the boy do after the lady starts running at the end?,1,['hold someone s legs', 'start running too', 'take off baby clothes', 'shift her feet', 'sit on the tricycle'],1
325,6443512089.mp4,TC,what does the child change the pace of his movement into?,4,['waddles up and down', 'stop continuously', 'no change', 'slower', 'faster'],3
326,2442307875.mp4,TN,what do the children do after moving their hands next to their ears in the middle of the video?,3,['playing with train toy', 'jump up and down', 'playing', 'put down their hands', 'drags the table'],3
327,9217939684.mp4,TN,how does the woman in pink react after the baby falls down?,2,['goes to help', 'put it down', 'reach out to hold baby', 'happy', 'smiles'],3
328,3581585756.mp4,TN,what does the girl do after posing with the woman?,0,['hug the woman', 'walk forward', 'continue cycling', 'smile and wave', 'playing with sticks'],3
329,3206694342.mp4,TN,what does the boy on the right in front do when the others stood up again after the middle?,1,['touch the dinosaur', 'bends down', 'bite a slip of paper', 'hold s the rod', 'open the book'],1
331,3456030972.mp4,TN,what does the child do after making funny face in the middle?,4,['fidgeting', 'turn to his back', 'hold toy', 'upset', 'focus on abacus'],2
333,8557532213.mp4,TN,what did the boy in blue do after he made some hand gestures in the middle of the video?,2,['move puppet around', 'stand up', 'kicked ball', 'burn it', 'glasses'],2
334,5017166671.mp4,TC,what are the people doing in the video?,3,['rugby', 'ski', 'cooking', 'music performance', 'watch tv'],3
335,3263908208.mp4,TC,what is the person with red shirt doing on the yacht?,3,['playing the guitar', 'walk over to pull boat closer', 'adjust camera strap', 'enjoying scenery', 'sitting on chair'],3
336,10727696143.mp4,TC,what does the lady in red do as the boy was at the door?,3,['belay climber', 'run off', 'sit still on the chair', 'put glass cups away', 'adjust their things'],4
337,6205856607.mp4,TN,what does the horse do after it turns back to the girl the second time?,0,['play with her hair', 'scrunch her legs', 'moves with horse', 'crawl', 'walk off'],None
338,5875242364.mp4,TC,where did the baby put his fingers when he was sitting in the makeshift pool?,2,['nose', 'table', 'mouth', 'bowl', 'her feet'],2
339,2705374471.mp4,TC,how did the baby react when the older kid is throwing the show up and down next to the baby?,1,['smile', 'want to play', 'move backwards', 'gets up and start crawling', 'hug and pat baby'],1
340,3972259774.mp4,TP,what do the people do before the man in yellow hands the box over to the lady?,3,['take the things out of box', 'shake hands', 'kneel', 'make gestures to camera', 'looking at card'],4
342,4164771889.mp4,TC,how does the boy being buried react as his friends scoop sand on him?,1,['fell down in the pool', 'laughing', 'pick it up', 'throw out white item', 'watching the boy'],1
344,8594314852.mp4,TN,what did the lady do after the girl point in front of her near the end?,2,['hi-five', 'repeat the pose', 'turn to look', 'walk away', 'cook'],2
345,9565310990.mp4,TC,what is the baby doing?,2,['drawing', 'sleeping', 'crawling on the ground', 'feeding the dog', 'hug lady'],2
346,3112351937.mp4,TN,what did the shirtless man do after the man with the flippers put his arm around him at the middle of the video?,4,['singing away from the microphone', 'clap his hands', 'put down ball', 'kiss baby', 'do the same thing'],4
347,5026660202.mp4,TC,what are the people doing on stage?,3,['adjusting microphones', 'taking a photo', 'cleaning instruments', 'performing', 'putting stage decorations'],3
350,9473479950.mp4,TC,what is the lady eating as she looked at the baby?,3,['apple', 'biscuit', 'grapes', 'watermelon', 'chocolate'],1
351,8189958994.mp4,TC,what is the person doing in the park?,2,['flying kites', 'play with child', 'walking dogs', 'talking', 'adjusting the swing'],2
352,3427674558.mp4,TC,what do the people do with their hands while turning around?,3,['touch the screen of phone', 'drawing', 'standing', 'move them slowly', 'watching video on tablet'],3
354,8277866423.mp4,TN,what did the black dog do after barking at the brown dog?,2,['walk away', 'walk back', 'chew the bone', 'get up slightly', 'lick the other dog'],2
355,9213637099.mp4,TP,what did the girl do before she put her hands up in the middle?,1,['claps', 'jump', 'bow', 'lay down', 'singing'],1
356,6898821807.mp4,TC,how does the boy react to the baby pushing his hand away?,4,['cry', 'run to woman', 'lean forward', 'walk away', 'laugh'],4
357,4264435046.mp4,TC,what does the dog do as the lady in red jogged in the first half of the video?,1,['stay in car', 'run along', 'play with water', 'herd the sheep', 'resting'],1
358,3383804222.mp4,TN,what does the baby panda do after licking the older panda for a while at the start?,2,['look at the panda touching it', 'take the gift from the lady', 'turn away', 'touch dog s nose', 'push dog away'],2
359,11244289523.mp4,TN,what did the lady in black do after the baby picked up the towel?,4,['continue feeding', 'touch baby s feet', 'stares at camera', 'rub the baby s face', 'keeps it back'],2
361,3066064005.mp4,TC,how did the group of women feel while they are about to dine a meal?,0,['happy', 'sleepy and bored', 'angry', 'aggrieved', 'sad'],0
362,2810112808.mp4,TC,how does the man in grey feel when looking at the cards in his hands near the beginning?,2,['happy', 'sad', 'surprised', 'shy', 'confident'],0
363,2932897373.mp4,TN,what did the man in grey and lady in white do after looking at the sign board in the middle of video?,1,['changes the camera focus', 'walking', 'embracing it', 'turn camera around', 'a cup'],1
364,6713120511.mp4,TC,what does the lady at the top do as the man in black walked down the slope?,3,['stands near the slope', 'leash', 'speaks to the audience', 'position herself to slide down', 'follow after the girl'],3
365,8241491518.mp4,TN,what does the man do after cutting off the leaves for a while?,1,['changes direction', 'pull leaves', 'turn the model', 'kneel down', 'pick up something else'],1
366,4189100053.mp4,TN,what does the woman do after scratching the fork with her finger in the middle?,0,['lick her finger', 'touch another bell', 'hold the dog', 'takes the spoon back in bowl', 'scoop icecream'],3
367,7453733046.mp4,TN,how does the girl in red react after being splashed in the face by water in the middle?,1,['look at him', 'turns around and cover face', 'hold on to stairs in pool', 'towards the man in white', 'smiles'],1
368,10001787725.mp4,TC,how do the people feel hanging out with one another?,0,['happy', 'embarrassed', 'sad', 'angry', 'frustrated'],0
369,3164519967.mp4,TN,where is the old lady trying to put the pacifier after the baby spit it out?,4,['adjusts the baby in grey', 'smiles', 'put cotton pad', 'move the yellow bowl away', 'back into baby s mouth'],4
370,3321261856.mp4,TC,what did the girl do as the cat was checking the bait in the middle of the video?,4,['cry', 'caress the cat', 'skip and look around', 'cycle forward', 'smile'],2
371,8080432373.mp4,TC,what did the girl do when the television screen turned on?,3,['jump', 'start gesturing and speaking', 'wave to camera', 'turn to look', 'talks and smiles'],3
372,3851961428.mp4,TN,what did the person on the most right do after he did a gesture to the man in red?,3,['smiles in the camera', 'take photos', 'grab his shoulders', 'take out goggles', 'roast coffee'],3
373,6690256857.mp4,TC,what are the man and boy doing with the dog?,1,['carry dog up', 'showering it', 'squat down and pat the dog', 'playing with dog', 'playing'],1
374,3340340268.mp4,TN,what does the girl in green do after lifting the yellow bucket up briefly near the start?,0,['look around', 'run to the back', 'paddle', 'kick ball back', 'put inbox'],4
375,3508407941.mp4,TC,how does the baby feel about the bouncing?,1,['bored and uninterested', 'happy', 'satisfied', 'shy', 'emotional'],1
379,3562017845.mp4,TN,what did the bird that crossed the water do after the bird behind sat down at the middle of the video?,3,['push box to where he started', 'put it down', 'talk', 'shake body', 'kiss baby'],3
380,3846475848.mp4,TC,what does the ferret do as the man is covering it with towel?,2,['jumps', 'closed the water bottle', 'try to run out', 'adjust them', 'paddle other side'],3
381,8387356484.mp4,TC,where did the baby turn his head to at the end of the video?,0,['left', 'right', 'back', 'look back to keyboard', 'look at the rope'],1
382,8740703217.mp4,TN,what does the baby do after picking up the food?,2,['nothing', 'look behind him', 'eat the food', 'put on sofa', 'smile'],2
383,3524939594.mp4,TC,how do the men on the cart react when the man pulling it swaying the cart from side to side?,1,['riding on the snow', 'sway head too', 'stand up', 'hold the bottom', 'tilts bottle to pour liquid in'],1
384,3375218204.mp4,TN,what do the children do after the man lies down in the middle?,4,['feed baby', 'crawl around', 'clap their hands', 'put fingers in mouth', 'move over him'],4
385,2735019707.mp4,TN,what does the boy do after talking to the man at the beginning?,2,['play with toy', 'wave', 'start hitting drum harder', 'turn around', 'pick up pink object'],2
386,8505893258.mp4,TC,what was the lady in pink doing to the girl with floral shirt?,0,['holding her hand', 'pushing her', 'passing her a toy', 'fixing her hair', 'lifting the girl up'],2
387,3388598772.mp4,TC,what does the man with a white cap do ater the man in blue and the woman in black finished kissing?,1,['talk to man in blue', 'put cup on table', 'lift her', 'flip cup for game', 'claps his hands'],2
388,7492398760.mp4,TN,what does the lady do after holding the hands of the boy for a while in the middle?,2,['kiss baby', 'help the baby walk', 'pick up camera', 'points to the flower', 'touches his head'],2
389,5801184682.mp4,TP,what did the human do when the cat hid before the black bag?,4,['goes near litter box', 'bite black cat s body', 'walk forward', 'sit down', 'pick the cat up'],4
390,3026084730.mp4,TN,what did the man in the middle do with his spectacles after he took it out?,0,['folds the spectacles', 'stand up', 'snaps his fingers', 'snip of some hair', 'press the buttons'],4
391,2810112808.mp4,TP,what does the man in red do before placing the card down at the start?,3,['chewing something', 'run to the plant', 'behind him', 'contemplating to put card down', 'carry weight'],3
392,3383804222.mp4,TC,what is the response of the older panda as the baby panda scratches it in the middle?,3,['lie on it', 'move around', 'paw at it', 'elated', 'touch his arm'],2
393,3526597179.mp4,TN,what did the lady in white do after the lady in yellow turned to the man?,1,['hit her with cushion', 'moved', 'holds onto a plastic box', 'try to take microphone', 'play guitar'],1
394,4378803532.mp4,TN,what did the girl in red do after she approached the boy to look at the sparkles?,4,['give her something', 'take photo', 'touch the baby s chin', 'happy', 'walk away'],3
395,4584426085.mp4,TN,what did the lady do after grabbing the red toy after the middle part of the video?,0,['attract the dog', 'run', 'smiles at the baby', 'lift the club up', 'moves round'],4
396,4968805923.mp4,TP,what is the man in white holding behind his back before he moved his arms?,2,['airplane', 'kites', 'bat', 'racket', 'ball'],3
397,8797589693.mp4,TN,what does the blonde lady do after the man in blue stands up at the start?,0,['bites her pen', 'take step up', 'stand up', 'hold boy s hand', 'point at his basket'],2
398,5173770364.mp4,TN,what does the baby do after removing her hand from the leg at the start?,4,['plays with the baby', 'bounce the baby', 'clip the cord', 'touch the leg', 'put at foot instead'],4
400,3060478605.mp4,TC,what does the lady do while riding the horse in the middle?,4,['watch her clock', 'controlling remote control', 'look under the tree', 'shakes leg', 'hold down her hat'],2
402,2957808913.mp4,TC,what were the other people in the background doing at the start when the man in black danced?,2,['repeats singing', 'kick forwards', 'walking', 'plays the instrument', 'watch them'],4
403,7331927796.mp4,TN,how does the boy react after the white dog tries to touch his face?,4,['retreat', 'touch dog s nose', 'stay still', 'ran one round', 'move his head'],2
405,5885887012.mp4,TN,what does the baby do after stopping briefly at the start?,1,['play with bottle', 'starts to push again', 'touch the cloth', 'crawling on the ground', 'reading book'],1
406,3383804222.mp4,TN,what does the older panda do after looking up for a while in the middle?,4,['stand at the side', 'go to woman in blue', 'splashing water', 'put trunk into mouth', 'hug baby panda'],3
409,4412508597.mp4,TC,what does the boy do as the lady in blue was sitting next to him?,2,['watches the girl', 'in his mouth', 'wrap strap around his wrist', 'empty pumpkin', 'moving on the sofa'],2
410,3372023610.mp4,TN,what did the lady in black do after the man in grey sang into the microphone?,2,['smiling', 'leaning against high table', 'take microphone back', 'walk past him', 'looks at her while singing'],2
411,3198533789.mp4,TC,what roles does the man in orange play in the activity?,1,['director', 'inspector', 'model', 'office worker', 'slave'],3
412,6618792571.mp4,TN,what did the girl do after she picked up the toy spoon?,4,['take out candle', 'puts on baking sheet', 'walks away', 'put the fork in her mouth', 'moves forward'],3
413,4103088549.mp4,TC,what are they doing?,4,['ride motorboat', 'play golf', 'soccer', 'basketball', 'surfing'],4
415,5173770364.mp4,TN,what does the baby do after putting one hand on the adult s foot at the start?,3,['moves her hand', 'push two blocks closer', 'bite sock some more', 'tap it', 'kiss them'],3
416,6265968082.mp4,TC,what are the people doing in the videos?,1,['baking a cake', 'music performance', 'fishing', 'birthday celebration', 'wedding'],1
417,2454242177.mp4,TC,why is the hanging object moving in the middle?,2,['continue punching', 'man pushes the swing', 'boy hits it with head', 'baby on swing', 'lady pulls the metal chains'],3
418,5129152550.mp4,TC,how does the man speaking appear while giving the speech?,3,['frustrated', 'happy', 'sleepy', 'serious', 'sad'],1
419,2482028659.mp4,TC,what is the guy in striped shirt doing with the microphone?,4,['singing', 'standing', 'presentation', 'take video', 'speech'],2
420,4123211145.mp4,TC,what are the two girls doing?,0,['dancing', 'play the piano', 'fighting', 'play with toys', 'chase each other'],None
422,4166942239.mp4,TN,what does the man in red do after bending down and standing up straight?,1,['turn back', 'demonstrate to man in suit', 'hold boy s hand', 'stand still for a while', 'eating and watching him'],1
423,5504913999.mp4,TC,what sport is the man doing?,2,['badminton', 'swimming', 'skiing', 'tennis', 'bowling'],2
424,5352022985.mp4,TN,what does the dog do after it was pattted by the woman?,1,['look at girl', 'moves around', 'walk across', 'run away', 'walk away'],3
425,11566980553.mp4,TN,how does the woman respond after the boy gives her the present?,1,['smile', 'puts present aside and ignore him', 'write something down', 'cry', 'walk back to the man'],0
426,4635309062.mp4,TN,what happens to the red meat in the pan after the man in white stirs it for a while?,2,['yes', 'smiled and nodded', 'turns colour', 'step back and raise hands', 'take out the piece'],2
427,6898821807.mp4,TN,what does the baby do after grabbing the boy s hand?,3,['looks at the baby', 'helps the baby walk', 'stares at camera', 'pushes it away', 'hold the man s hand'],4
428,8211075660.mp4,TN,what does the man with the phone do after appearing at the side while the man in black was talking?,4,['moves towards the window', 'ride away', 'serious', 'run past', 'stands still on the left'],4
430,7114553643.mp4,TN,what did the lady do after she pointed upwards near the end of the video?,4,['lie down', 'walk away from the table', 'shake her head', 'pick up toy', 'moved her hand down slowly'],4
431,4219909195.mp4,TN,what did the girl do after the man pat the pillow?,0,['sit down', 'jumping', 'get up', 'bite it', 'look into the toilet bowl'],2
432,3708066257.mp4,TN,what does the woman do after stretching her arms away from the man near the beginning?,2,['crawl away and stand up', 'walk away', 'comes back towards the man', 'touch her own face', 'put her hands up'],2
433,7416295940.mp4,TC,what does the baby do when the dog approaches him?,4,['push dog away', 'make funny faces', 'stand up', 'talk to the lady', 'touch dog'],4
434,6618792571.mp4,TN,what did the girl do after she sat on the floor in the middle of the video?,2,['carry baby up', 'lift up spoon', 'crawls', 'try standing again', 'turned behind'],2
435,6291413193.mp4,TC,how is the lady in white positioned in the water?,0,['standing', 'look to the left', 'floating', 'sledding', 'drawing something'],None
436,8464056582.mp4,TN,what does the dog do after looking at the hallway for a while at the end?,1,['put something on the floor', 'walk around', 'went under sofa', 'sniff the bag and the wire', 'tried to play with the cat'],1
437,9473479950.mp4,TC,how did the lady react to the baby s movements?,4,['with their legs', 'tried to touch camera', 'sitting by the side', 'playing with the baby', 'laugh'],4
438,3375218204.mp4,TN,what is the response of the man after the girl touches him at the start?,0,['nod', 'wave to the girl', "touch the girl's head", 'sit down', 'laughs'],1
439,4036955771.mp4,TC,what does the man on the extreme right play as the other band mates played the violin and guitar?,3,['playing drum', 'guitar', 'talk to him', 'trumpet', 'moves around'],3
440,4412508597.mp4,TC,what does the lady in blue do as the boy was making funny faces?,2,['smile and hug', 'shy', 'sit still', 'introduce how to make it', 'pat her head'],4
441,5237219621.mp4,TN,what did the woman in black near the tv do after the woman in black spectacles spoke near the end?,2,['smile', 'play around the tv set', 'start gesturing and speaking', 'move head', 'dance'],2
442,4272084125.mp4,TN,what did the man do after the lady finished talking?,0,['smile', 'stare at the screen', 'speaks', 'walks away', 'speak'],0
